视频时长,视频AV号,播放量,弹幕数,评论数,点赞数,投币数,分享数
30,656147115,1717929,997,2602,136817,2922,7838
30,656147115,1727884,1002,2611,137955,2933,7888
23,224727376,1044941,540,1109,45954,1266,2246
27,610052639,802302,291,685,53407,672,1139
15,803596583,12054293,1364,3936,347906,47803,58500
9,588597487,17523644,616,2964,184129,7483,7005
22,852522779,1943604,565,797,108546,1977,2360
16,225954134,791624,202,522,39663,355,526
80,996144646,320533,238,507,13450,3832,631
35,484619896,328732,122,262,21827,419,374
29,270850308,309338,32,376,20041,180,213
64,613371129,125848,80,258,11943,456,58
505,228518271,202970,696,360,10674,1463,243
9,867801849,728310,82,418,107013,1151,2080
25,396246163,1582486,531,729,169955,1938,2979
12,398586034,1664637,311,1152,246040,4075,4697
16,571250157,237005,16,216,8732,102,65
209,698659933,802188,1354,909,74761,9129,5676
11,401261388,633525,252,669,37529,1224,8362
636,528860001,2347984,1991,771,114512,6882,3707
86,401218248,678358,313,1317,29953,5470,652
34,571182531,674818,193,1880,73378,4961,503
39,826215688,1600605,606,1164,231453,7917,2296
19,354865453,1984039,145,348,105416,1519,469
193,996077571,862845,550,646,45234,2584,3809
623,486051504,3063798,6804,1891,309519,66855,7693
8,826069221,1478353,412,1731,157438,4022,5480
21,826309525,294421,111,486,29755,738,86
227,401150706,2232808,3586,3185,245341,26537,5437
30,271035751,580893,80,334,49077,177,1088
92,271294917,899361,322,3054,55903,5194,2796
212,228432581,789672,1168,1155,21590,3902,257
43,398513001,1721955,541,1318,131002,5514,6641
81,868021036,11358142,7393,7857,655819,130769,161924
13,996011529,1716080,283,1109,132860,738,11828
67,401179931,430231,418,1026,60582,3612,449
56,528534412,230292,73,142,6393,111,198
15,528707465,1552865,157,900,61998,737,378
92,271109691,784940,250,298,38577,9994,5649
179,443832178,2147170,3088,3044,155630,8652,4092
59,953872360,2222877,912,1636,154143,6378,8354
72,613589601,796432,267,572,144477,19462,4588
23,224727376,1045004,540,1110,45954,1266,2246
12,982818139,1276947,392,942,63854,2013,2355
22,852522779,1943617,565,797,108546,1977,2360
27,610052639,802345,291,685,53408,672,1139
77,810805224,3468440,809,2686,207579,2088,2645
151,394679910,7887770,5851,8565,315082,47175,30873
16,817353302,1974282,417,1155,183979,5186,2394
19,604487890,1995244,678,1706,255154,2251,5709
34,951805394,870518,808,1543,74963,2630,4056
14,388202367,1110848,614,1399,104033,1667,2147
11,949469466,1533684,499,876,53760,697,2518
10,224668087,3313864,317,744,114470,1060,800
37,949709221,2160440,512,1289,181886,9031,13707
51,309677811,745097,503,478,35559,1509,2495
25,648980377,2468634,549,813,85175,1422,448
10,991760579,1563854,337,579,12207,145,744
14,973752466,4765418,852,2816,180464,9930,9121
40,908133480,3416697,298,983,175356,1155,950
72,437131698,951926,238,313,48138,1265,1557
17,221243486,1127131,240,617,56883,670,722
13,524210800,979524,153,325,63776,310,465
10,653317537,2109692,40,176,44365,331,193
13,524702624,1019755,211,1528,94471,2931,2156
21,774937218,2226499,802,2353,384989,7312,12994
104,309620747,6009234,4994,7818,241729,4454,5703
11,263051238,659930,294,899,60997,1586,1726
16,225954134,791653,202,522,39663,355,526
31,479810933,3315422,1198,2236,264332,8760,13336
75,394719457,1932397,1371,1927,104571,546,1686
23,685726096,3175188,787,1272,194483,5003,8906
440,479703772,2040271,3393,2470,57183,12320,83829
13,224579146,637672,74,268,11305,880,506
153,779864001,802761,954,466,44132,1669,1072
84,652069726,879546,282,328,29375,2185,3291
77,779792215,1981073,372,958,116028,2159,1371
12,226036865,390814,158,409,38277,437,628
18,267358952,2615511,280,775,94186,1087,799
132,437225973,2256652,900,1390,185234,15566,15964
24,549475198,1132313,202,616,49885,780,524
17,735036368,791325,273,753,44732,1207,744
16,606248764,3524307,704,1413,235522,3815,6803
27,610052639,802345,291,686,53408,672,1139
90,395326849,156310,179,136,3172,216,91
114,564331680,277441,714,194,8081,376,160
152,549131535,573936,127,42,1956,170,82
158,352528463,819254,340,838,8503,753,1023
19,604487890,1995244,678,1706,255154,2251,5709
21,774937218,2226499,802,2353,384989,7312,12994
23,224727376,1045004,540,1109,45954,1266,2246
17,396174471,625710,262,542,24501,1236,307
96,865153445,436016,197,499,21546,359,168
10,224668087,3313864,317,744,114470,1060,800
24,900561159,1526299,538,1232,184901,2049,5665
16,561093235,1533914,476,879,126979,3263,2660
11,906925670,240216,38,218,16175,250,170
14,395028576,778107,85,340,96050,5525,2205
14,388202367,1110848,614,1399,104033,1667,2147
12,226036865,390814,158,409,38277,437,628
15,610001358,4651699,1447,3052,406983,17779,42894
16,817353302,1974282,417,1155,183979,5186,2394
44,592022710,5446,0,0,5,0,0
18,267358952,2615511,280,775,94186,1087,799
12,982818139,1276947,392,942,63854,2013,2355
11,263051238,659930,294,899,60997,1586,1726
515,567484111,1039385,495,954,10057,463,1079
9,440113492,226947,38,290,21712,620,451
25,648980377,2468634,549,813,85175,1422,448
22,852522779,1943617,565,797,108546,1977,2360
16,571250157,237820,16,216,8745,102,65
14,437154661,385349,82,348,16580,175,456
73,865054952,1305739,321,1327,187478,11537,3767
12,737214524,138790,13,107,7081,70,50
9,588597487,17523692,616,2964,184129,7483,7005
13,780181374,278272,71,383,9788,207,406
53,610056160,619399,72,284,46268,873,1853
79,652590066,1289120,598,2231,69238,5562,13511
29,438261245,864031,576,888,96022,2158,9127
234,989088257,954381,2158,2692,45420,4276,345
20,544038731,5769908,1032,2040,155273,6133,5705
147,352431641,2846843,2341,4961,159159,15640,11420
33,693511618,814058,255,418,20877,1874,3999
21,739021874,231079,99,273,12724,462,59
15,803596583,12054308,1364,3936,347906,47803,58500
14,973752466,4765418,852,2816,180464,9930,9121
9,588597487,17523692,616,2964,184129,7483,7005
2365,217858959,4266226,830,522,9157,752,8
79,718305036,1516094,396,212,131209,798,1328
28,586992431,9312927,1707,2539,268196,26583,33610
19,604487890,1995244,678,1706,255154,2251,5709
42,895062479,1797218,1114,1348,122208,1528,2149
12,291351741,11158661,1141,3351,300626,20495,42402
8,80765710,8060310,4560,6396,64464,5786,6215
23,224727376,1045004,540,1109,45954,1266,2246
9,672337680,11252143,521,1394,131183,16243,9392
12,982818139,1276947,392,942,63854,2013,2355
14,980568293,1390474,457,1399,92150,3494,11008
13,729865960,588613,240,551,43841,822,737
13,586604891,2057297,161,535,47727,2170,1521
27,610052639,802345,291,685,53408,672,1139
14,388202367,1110848,614,1399,104033,1667,2147
24,900561159,1526299,538,1232,184901,2049,5665
16,684582455,2297388,762,1900,174363,6552,3669
16,758292715,2316561,488,2240,77659,2081,1419
21,756862764,3840632,604,1497,77600,6073,10305
21,774937218,2226499,802,2353,384989,7312,12994
16,668298607,14607744,6830,4922,385847,32070,84036
22,720401672,1874531,747,3233,110156,10714,3853
217,248501000,21701993,77241,10550,1076409,425465,95048
23,247598819,2851938,1371,3018,110201,6876,7625
11,263051238,659930,294,899,60997,1586,1726
16,553864967,1312682,893,1532,89443,3856,10542
126,80573606,49463963,70609,23272,2243538,382984,166202
22,684854356,4163369,1624,2180,193518,3216,14527
27,388465767,514353,371,668,52042,1161,1242
25,648980377,2468634,549,813,85175,1422,448
10,332946662,19002,1,4,101,0,19
12,333245787,3595904,548,2050,114900,7285,5415
22,852522779,1943617,565,797,108546,1977,2360
14,807262035,1625877,148,463,78187,1158,708
11,473610870,1026408,158,505,144996,705,1679
14,293675343,2093768,561,1380,94294,1959,1264
129,371282851,22006323,21261,7415,652377,161668,214277
12,680494131,8856546,487,1300,134804,1254,3940
9,588597487,17523692,616,2965,184129,7483,7005
15,803596583,12054308,1364,3936,347906,47803,58500
14,973752466,4765418,852,2816,180464,9930,9121
23,719028817,14125876,3978,7571,428051,55799,56700
79,718305036,1516094,396,212,131209,798,1328
12,463407053,3022921,369,552,56545,3872,2136
32,375532853,5221502,949,1867,133311,1851,9077
82,422588406,11332499,2437,997,112357,2739,2434
65,286781445,11429575,4315,3680,283166,20605,20009
27,587444202,3912705,697,1872,139616,4265,4833
16,546930699,8068053,1320,1760,142624,2840,12841
21,774937218,2226499,802,2353,384989,7312,12994
22,852522779,1943617,565,797,108546,1977,2360
76,376430482,9426016,1127,538,79332,21193,1164
67,931118360,2921964,630,823,50768,817,1044
14,388202367,1110848,614,1399,104033,1667,2147
23,224727376,1045004,540,1109,45954,1266,2246
19,604487890,1995244,678,1706,255154,2251,5709
24,900561159,1526299,538,1232,184901,2049,5665
27,610052639,802345,291,685,53408,672,1139
93,289164300,4328390,325,455,42044,723,368
14,807262035,1625877,148,463,78187,1158,708
98,716223825,4612927,7509,5005,338179,86063,11706
35,428109629,2405980,535,525,69453,1527,5958
25,336044349,1795075,523,1447,107283,3643,1253
22,305883313,413342,83,300,26618,367,222
12,226036865,390814,158,409,38277,437,628
16,817353302,1974282,417,1155,183979,5186,2394
217,248501000,21701993,77241,10550,1076409,425465,95048
18,459529937,5761315,470,1556,119853,3998,4043
9,672337680,11252143,521,1394,131183,16243,9392
13,729865960,588613,240,551,43841,822,737
58,77511727,20549683,18207,12049,723928,68959,204253
31,796087101,2086194,491,609,20051,307,1750
21,247044144,4748162,1766,2513,143892,10585,12092
8,80765710,8060310,4560,6396,64464,5786,6215
102,92127864,13340689,26488,14968,314148,14054,135728
11,906925670,240216,38,218,16175,250,170
34,939003593,1839489,946,1178,201569,1946,2141
101,979870300,14062710,13112,4005,598207,159148,89993
11,263051238,659930,294,899,60997,1586,1726
22,852522779,1943617,565,798,108546,1977,2360
21,774937218,2226499,802,2352,384989,7312,12994
23,224727376,1045004,540,1110,45954,1266,2246
19,604487890,1995244,678,1706,255154,2251,5709
16,684582455,2297388,762,1900,174363,6552,3669
77,810805224,3468440,809,2686,207579,2088,2645
15,803596583,12054308,1364,3936,347906,47803,58500
23,719028817,14125876,3978,7571,428051,55799,56700
31,427384475,1588410,226,609,38324,1796,2700
22,720401672,1874531,747,3233,110156,10714,3853
45,716945283,1807951,1730,2224,88075,2871,542
37,949709221,2160440,512,1290,181886,9031,13707
22,812149442,1613725,834,1322,122342,6745,10678
16,561093235,1533914,476,879,126979,3263,2660
32,467844743,1551581,808,1404,97420,2945,4198
91,212604846,2189670,1239,1352,71515,1189,2513
24,900561159,1526299,538,1232,184901,2049,5665
12,982818139,1276947,392,941,63854,2013,2355
177,939576769,979873,1205,2260,88800,6526,1764
21,298938810,1047620,485,843,70436,1541,3409
21,720302111,1807717,772,2639,81857,3001,1650
12,640382351,4345392,1421,2219,122520,4375,5461
201,509897955,2436443,2410,1024,83875,2777,4377
19,376872846,4175072,1448,4193,254776,28973,9764
30,429460419,1470784,987,1766,149918,3074,5289
137,852600873,11042270,14867,11874,1038615,280142,255770
27,388465767,514353,371,668,52042,1161,1242
22,734845696,463879,283,764,39609,913,431
23,258580943,953589,998,1801,117792,3137,5633
11,841488008,2250038,248,1174,42840,6183,1654
13,729865960,588613,240,551,43841,822,737
505,228518271,203108,698,360,10679,1463,243
184,810374630,4728951,2048,1438,100792,1811,9481
16,553864967,1312682,893,1532,89443,3856,10542
76,680449533,1434067,2169,1945,100629,2237,2477
56,640926776,651793,420,484,43036,876,376
98,716223825,4612927,7509,5005,338179,86063,11706
497,984279619,1396785,3351,1279,81824,3831,1287
16,817353302,1974282,417,1155,183979,5186,2394
27,610052639,802345,291,686,53408,672,1139
11,473610870,1026408,158,505,144996,705,1679
16,225954134,791653,202,521,39663,355,526
25,396246163,1582512,531,728,169957,1938,2979
27,268523669,957803,62,206,8388,44,36
34,353161069,943502,115,199,45836,138,159
23,224727376,1045004,540,1110,45954,1266,2246
22,440635429,1719473,512,525,72542,2572,1683
19,354865453,1984120,145,348,105420,1519,469
19,604487890,1995244,678,1706,255154,2251,5709
31,731757898,3087502,558,997,245142,4323,4460
77,810805224,3468440,809,2686,207579,2088,2645
40,908133480,3416697,298,982,175356,1155,950
135,310934093,2562659,1538,1103,212813,6140,2564
14,933934322,851820,62,1526,35500,507,684
11,263051238,659930,294,899,60997,1586,1726
72,483163923,790158,641,761,24707,1366,4531
86,594940162,1287415,282,1236,48237,669,2228
27,610052639,802345,291,686,53408,672,1139
222,568412717,1969017,5571,3687,80589,6232,4668
13,524702624,1019755,211,1528,94471,2931,2156
200,438455921,2987537,4423,7601,202042,72818,43480
10,224668087,3313864,317,744,114470,1060,800
66,853029787,2230572,681,1304,78477,1492,2283
34,951805394,870518,808,1544,74963,2630,4056
73,993451035,386994,86,200,21030,621,1442
318,310906640,380001,1497,2895,6946,667,1619
40,525878538,250006,132,376,13074,2262,995
27,526390888,967023,130,246,37222,452,422
13,865314054,1020621,44,366,41034,598,528
32,525415031,1299903,170,258,77459,2379,4250
12,865883001,373684,15,37,2564,21,152
74,639532752,2210577,492,798,125714,1195,1490
21,774937218,2226499,802,2352,384989,7312,12994
21,950931212,598153,55,315,21989,464,443
34,310866709,655313,451,339,32500,554,589
14,952215354,199864,8,53,1870,22,46
14,612057715,1175701,91,348,51170,586,1171
96,483465699,538090,742,448,26522,324,196
413,310904881,697748,780,773,11850,1437,2965
12,982818139,1276947,392,941,63854,2013,2355
23,685726096,3175188,787,1272,194483,5003,8906
27,610476446,645267,96,349,5608,136,1309
80,996144646,320883,239,507,13459,3834,632
351,764423556,7478814,4773,3472,117936,40628,2648
114,759894769,32821825,19189,19671,1344740,810242,194500
136,651761440,3327980,3034,2372,75647,17872,6101
52,299466669,1179315,1135,1225,60449,26387,5355
11,271346219,302275,185,661,13247,3784,89
67,485630771,1713811,327,1878,158575,27875,3367
891,698864222,665845,3087,2917,67145,86327,5348
245,602513211,165898,1234,574,10062,2933,304
88,727353194,461421,371,586,15564,8309,1621
63,911158677,955111,375,1298,73239,6200,3547
269,300681023,1209746,2321,1613,126710,66778,8387
81,401219658,563212,77,591,27106,4359,2109
72,639205828,363938,162,499,11381,4965,835
248,386657367,730618,885,1557,98581,24213,2429
328,698701852,541800,886,1118,42588,18112,2067
22,818751571,532750,153,511,22899,2481,765
82,442959400,300227,325,921,14523,5036,471
288,486244261,904019,872,920,28701,5431,8296
253,698862124,818113,2032,1708,45470,23493,1908
71,430536303,299156,460,472,11282,4408,714
150,900317623,329749,470,777,12642,5620,743
233,911229454,2093985,5210,6723,192328,55788,13218
276,401022633,6935776,22591,23722,716863,591373,103929
273,443580160,8053081,27563,24970,790756,677236,148866
62,741247855,353311,148,730,5549,47,262
41,528664783,202258,72,340,10680,2268,942
111,613671657,782415,965,1210,25851,3859,2735
1592,313529737,2411034,20803,3226,179480,114187,13387
74,299338174,347859,146,431,9187,4047,633
43,826088472,271325,157,413,5131,103,428
101,996067125,437841,252,630,44733,4067,579
87,515780203,569904,1098,712,23394,9043,1705
73,698780807,228506,329,521,12157,4427,1286
116,443638450,82934,33,225,5042,1184,118
90,868865341,212632,159,269,5746,218,273
114,911135722,1776879,1742,6378,204708,16199,7593
18,271265191,994802,265,699,65890,435,563
107,571136229,83194,54,290,2763,860,166
78,356087210,2458267,619,852,80562,5076,711
123,486228551,792997,1316,585,35162,1213,949
9,867801849,728760,82,418,107027,1153,2081
10,354765733,274643,34,178,30087,338,621
12,398586034,1667327,312,1155,246348,4083,4706
10,826116446,598785,35,379,68094,756,1353
57,612821007,724338,118,308,40852,881,462
10,606357801,262979,55,279,5891,79,548
60,222312133,68969,30,57,5340,172,117
80,698723998,41502,18,61,2657,154,63
273,825744235,382694,292,422,43147,660,514
17,734727691,95236,2,52,3264,23,41
84,741228626,114747,16,74,1572,25,76
52,486178213,409524,71,351,56625,3239,1094
45,946404818,108605,76,277,14050,518,98
40,221013373,62283,21,29,4025,44,34
30,693166621,1416596,1000,1675,154693,1101,1314
77,612440333,349080,133,381,27136,954,2093
317,992646679,39394,13,44,3155,54,85
18,698766185,144411,19,61,7868,56,30
8,305420617,487782,95,760,71760,2760,1652
16,697590666,638012,142,456,127031,2564,2719
20,655628290,475310,119,566,94795,968,3463
16,398688369,745439,784,834,126224,4811,2297
76,951593691,1267545,251,696,62288,3403,5510
12,398807482,377925,250,607,57560,553,553
29,855555611,86218,49,117,6693,248,62
13,741305183,63525,9,186,4770,84,253
15,693600957,56609,16,120,8776,149,273
167,994817799,287615,112,206,38444,1352,1091
141,441538589,66841,18,69,5019,101,72
392,570623302,181728,1160,244,9341,770,199
81,995093051,647365,50,381,59528,815,2032
15,825570722,858157,322,1132,240235,5022,4356
103,481340724,296922,77,270,31388,616,426
196,908006935,229374,69,256,16607,791,481
50,691169177,483574,121,214,41474,795,719
134,442671300,712753,208,308,53232,847,562
165,599177787,2623001,4903,3229,199642,8034,2282
20,996271217,237358,6,137,20408,86,85
17,527667649,40570,3,43,1454,31,37
110,611752728,1281615,1107,1582,94106,893,964
55,697860191,534907,130,105,53662,197,324
12,398586034,1667327,312,1155,246348,4083,4706
9,867801849,728760,82,418,107027,1153,2081
10,826116446,598785,35,379,68094,756,1353
57,612821007,724338,118,308,40852,881,462
10,354765733,274643,34,178,30087,338,621
84,741228626,114747,16,74,1572,25,76
20,655628290,475310,119,566,94795,968,3463
45,946404818,108605,76,277,14050,518,98
30,693166621,1416596,1000,1675,154693,1101,1314
21,656016547,53312,8,23,5066,46,40
76,951593691,1267545,251,696,62288,3403,5510
20,996271217,237358,6,137,20408,86,85
273,825744235,382694,292,422,43147,660,514
27,313296192,302208,48,184,52768,641,407
17,734727691,95236,2,52,3264,23,41
26,867516379,689611,64,233,25691,351,484
28,937913352,403738,95,332,50112,1369,749
23,398385219,241262,34,113,12731,63,100
16,398688369,745439,784,834,126224,4811,2297
12,398807482,377925,250,607,57560,553,553
29,855555611,86218,49,117,6693,248,62
110,611752728,1281615,1107,1582,94106,893,964
80,698723998,41502,18,61,2657,154,63
141,441538589,66841,18,69,5019,101,72
134,442671300,712753,208,308,53232,847,562
32,571004836,64527,45,121,5414,133,195
13,741305183,63525,9,186,4770,84,253
319,528454112,516803,670,588,10946,793,116
16,697590666,638012,142,456,127031,2564,2719
18,698766185,144411,19,61,7868,56,30
33,311736658,996696,87,306,31029,330,373
52,486178213,409524,71,351,56625,3239,1094
368,268845065,70268,35,61,5235,106,63
8,305420617,487782,95,760,71760,2760,1652
27,569874088,267097,66,258,16904,236,356
33,571137298,360466,81,219,23988,347,128
32,995924215,803431,114,346,85847,1232,1624
20,605052561,11194,0,18,1040,34,7
13,228610416,444848,41,440,6617,93,42
106,698304779,1308137,445,634,199388,4662,1096
15,941295349,2503594,208,597,92986,362,1769
29,270850308,309458,32,377,20049,180,213
24,910864124,384494,42,171,17859,247,869
72,698334608,135430,64,74,3748,82,48
16,225954134,791653,202,522,39663,355,526
117,726759819,3951465,4173,2960,258923,40153,16445
155,228310209,534160,609,420,52711,1129,225
31,740768847,1481851,466,1112,65295,2952,4555
144,910763485,1994593,1301,1255,171677,15100,4324
23,685726096,3175188,787,1272,194483,5003,8906
27,610052639,802345,291,685,53408,672,1139
23,224727376,1045004,540,1109,45954,1266,2246
19,604487890,1995244,678,1706,255154,2251,5709
14,293675343,2093768,561,1380,94294,1959,1264
25,648980377,2468634,549,813,85175,1422,448
34,951805394,870518,808,1543,74963,2630,4056
67,570404546,4924910,1597,2655,425168,20290,9813
34,939003593,1839489,946,1178,201569,1946,2141
15,655803960,605744,188,386,57856,415,149
19,953289712,818997,223,1836,84553,1903,447
85,270821309,630910,460,552,35050,502,146
22,852522779,1943617,565,797,108546,1977,2360
44,528340764,1266217,167,571,40374,281,87
851,228276093,1413783,8020,1812,122003,49184,2863
832,783285441,1945870,5268,1162,197487,30628,1624
48,270555415,3986937,971,1328,325319,4629,10270
77,270835127,588875,602,469,7546,187,867
21,739021874,231079,99,273,12724,462,59
158,400823028,568083,786,995,56260,2839,2158
176,270851596,1662319,935,888,159747,10080,4243
17,396174471,625710,262,542,24501,1236,307
12,226036865,390814,158,409,38277,437,628
93,698317497,1485494,942,1520,40734,734,9697
335,783344836,671336,1194,530,43531,7726,1981
30,400640930,175113,31,79,7528,56,82
428,228324562,2231375,4932,5681,98537,6328,5620
98,740692556,1071202,1139,2034,9746,248,390
86,995797192,975484,731,1292,36925,2138,2044
90,783336950,1779202,1848,1077,229356,3010,2035
90,613294411,1313632,1409,1469,19608,528,8804
360,528279656,561454,328,229,5319,267,387
12,698203231,714507,34,369,17228,138,254
35,484619896,328752,123,262,21828,419,374
15,803596583,12054308,1364,3936,347906,47803,58500
23,224727376,1045004,540,1110,45954,1266,2246
22,852522779,1943617,565,798,108546,1977,2360
27,610052639,802345,291,686,53408,672,1139
9,588597487,17523692,616,2965,184129,7483,7005
12,226036865,390814,158,410,38277,437,628
12,982818139,1276947,392,941,63854,2013,2355
25,648980377,2468634,549,813,85175,1422,448
11,416800556,15151566,1520,4411,425353,60090,82383
16,561093235,1533914,476,879,126979,3263,2660
19,604487890,1995244,678,1706,255154,2251,5709
21,774937218,2226499,802,2352,384989,7312,12994
13,604828095,838375,271,615,136327,1956,1159
11,906925670,240216,38,218,16175,250,170
110,909392855,186091,188,469,19221,1669,158
18,267358952,2615511,280,775,94186,1087,799
21,756862764,3840632,604,1497,77600,6073,10305
14,293675343,2093768,561,1380,94294,1959,1264
11,263051238,659930,294,899,60997,1586,1726
20,544038731,5769908,1032,2040,155273,6133,5705
105,697110276,137443,26,93,9295,900,128
29,510681781,1817109,418,1094,101872,3550,3789
21,739021874,231079,99,273,12724,462,59
17,757885361,3265345,594,2310,100174,5207,5495
39,738049945,760527,206,434,49858,602,882
16,225954134,791653,202,521,39663,355,526
32,442228110,799019,238,531,63668,661,715
29,438261245,864031,576,888,96022,2158,9127
21,247044144,4748162,1766,2513,143892,10585,12092
34,951805394,870518,808,1544,74963,2630,4056
17,396174471,625710,262,541,24501,1236,307
136,612007046,1035669,103,225,6106,253,58
128,994642419,2479020,2518,2044,80853,10090,11381
10,269575442,130400,18,132,6645,160,15
110,824570230,329328,379,369,21609,901,1033
23,685726096,3175188,787,1272,194483,5003,8906
96,697065650,1637221,721,724,153427,3278,4180
1204,909503528,3298726,8820,6677,100594,15466,10874
34,939003593,1839489,946,1177,201569,1946,2141
158,312067152,229085,210,529,12156,1338,253
636,528860001,2362820,1997,770,114853,6919,3714
31,353974379,4554254,809,1688,332800,7759,12022
725,528407968,1760962,4617,1981,167892,15658,7556
399,716747683,1277447,2627,1550,114382,19561,2927
218,740804671,1026161,1444,1557,62378,7110,425
58,396568110,1839305,958,1555,201547,44944,7384
15,741264816,370856,51,295,31247,266,273
186,824426743,1242193,1393,1018,120376,4545,6662
566,656189794,712514,630,423,72195,5404,1107
148,485862497,1388930,1774,1155,159522,12811,4863
52,270790273,497806,262,516,59169,1141,1330
166,260819623,4127541,4135,2611,277277,63479,10465
160,313274069,3436146,1904,1560,198551,40848,4340
305,484824247,959514,984,624,72523,7565,1854
23,953125917,636700,248,321,13576,95,293
36,400980990,134120,5,24,2122,28,30
151,868768030,863216,829,959,79368,4098,1799
20,613797281,489263,73,515,41615,2318,1212
11,355782617,274481,56,466,36683,1039,514
210,486235574,226690,283,382,26690,995,1083
113,698758377,523480,370,601,38133,1616,1112
93,271311926,421455,661,632,30754,8749,855
100,826350683,1767184,1226,1357,168025,5866,1272
12,313789160,418299,72,490,53672,1677,370
33,697348525,681890,62,274,73655,852,281
127,698752591,2042655,855,1322,183748,3127,1044
55,698872453,497593,159,615,58496,6220,1113
75,996085187,1481346,585,557,110615,17627,7075
24,911026878,88681,29,92,12527,483,497
106,440132799,1221891,253,436,79937,3327,1593
112,571285306,214215,180,667,22092,1695,1083
104,996297763,141223,34,128,8518,257,97
24,571057927,58887,22,205,8927,642,275
18,995251101,323308,44,317,53553,160,156
107,486279845,251446,654,375,29267,2534,389
141,868739584,1554594,2472,1323,144541,18283,8855
152,313632800,1036998,855,801,74825,35897,1063
92,271294917,906733,323,3087,56314,5232,2828
19,443832865,336694,428,1940,26600,3951,9610
581,868628548,4205261,21026,5334,460084,251051,8735
78,313870563,154710,294,204,9065,651,70
64,613371129,125881,80,257,11950,456,58
37,953260477,365051,88,228,8472,639,678
27,610052639,802345,291,686,53408,672,1139
23,224727376,1045004,540,1110,45954,1266,2246
15,803596583,12054308,1364,3936,347906,47803,58500
10,84159392,765752,260,521,21147,1805,864
19,604487890,1995244,678,1706,255154,2251,5709
22,551729960,525158,296,512,36500,592,351
14,293675343,2093768,561,1380,94294,1959,1264
18,267358952,2615511,280,775,94186,1087,799
110,909392855,186091,188,469,19221,1669,158
109,868370363,255397,183,231,14075,1159,537
32,442228110,799019,238,531,63668,661,715
505,228518271,203108,698,360,10679,1463,243
12,226036865,390814,158,410,38277,437,628
14,933934322,851820,62,1526,35500,507,684
17,396174471,625710,262,541,24501,1236,307
29,438261245,864031,576,888,96022,2158,9127
16,225954134,791653,202,521,39663,355,526
34,951805394,870518,808,1544,74963,2630,4056
35,484619896,328752,123,262,21828,419,374
9,588597487,17523692,616,2965,184129,7483,7005
9,270755440,330199,148,598,57230,4818,1880
21,739021874,231079,99,273,12724,462,59
8,443301608,23213,1,33,4286,95,11
34,939003593,1839489,946,1177,201569,1946,2141
580,485797369,13087,128,91,675,148,5
29,270850308,309458,32,377,20049,180,213
18,485752898,525421,85,373,44350,2665,1220
12,355831697,454191,65,396,32193,305,467
114,613284413,2152068,1282,947,179854,41358,11542
245,868321476,60571,81,122,1036,73,1
7,783252597,19220,7,47,6553,193,18
79,655755946,3605951,1485,1862,422643,8911,3323
108,953183857,1706857,1616,3057,20504,1114,18279
23,685726096,3175188,787,1272,194483,5003,8906
18,270778323,55781,12,88,6107,478,50
11,400769225,265185,41,108,21668,343,104
16,485864535,1442771,192,1555,161814,1144,1083
300,698339960,2071770,4238,2737,82773,9100,6745
90,783336950,1779202,1848,1077,229356,3010,2035
209,698659933,805314,1359,910,74920,9155,5693
122,257264141,17938586,41614,9876,1078720,516001,196918
166,270745162,3534925,2368,2449,347535,167204,23293
158,355903423,3197760,2912,3507,342434,233648,28799
76,910808485,1846867,1403,2939,232910,14337,13511
138,395507053,3162342,2019,2849,111557,9452,55559
116,697913711,4332971,2802,2313,359169,132114,32339
276,868631781,567766,565,408,45601,7212,3030
74,867944334,555065,615,577,73155,8584,12484
219,868646266,516482,751,1026,32305,7388,3819
42,653817441,349950,58,129,7094,103,735
156,813466156,4721118,19344,4064,516060,113860,35926
75,996085187,1481346,585,557,110615,17627,7075
53,53447490,90019,34,135,569,5,40
114,613284413,2152068,1282,947,179854,41358,11542
76,401066630,1636150,483,1936,169278,16226,2525
93,271311926,421455,661,632,30754,8749,855
91,669471891,29365198,81060,18734,1249272,374086,379271
119,228613736,1378187,891,647,68316,1990,4201
13,740880268,702026,163,673,59828,4305,13020
39,86995249,2048350,9310,4924,60298,2747,45718
101,400990025,1505818,1028,886,126342,23638,13073
26,483275099,25480,2,8,329,6,16
47,312873374,1844856,556,2141,81846,3469,10475
16,909196085,5403336,687,1774,214932,11951,70226
27,301653149,717187,294,435,13268,2074,11853
147,740539557,1999342,2680,2546,291449,106291,12794
163,655908322,680815,823,1115,11187,130,2324
68,868405215,150773,274,162,6160,477,825
95,911035235,1986661,336,1141,74464,5102,3668
102,953130896,4482815,3833,1433,274031,36804,30601
61,312355523,7937126,13673,6656,553335,164399,118145
133,698079605,5405902,5233,9440,756526,330055,117643
92,271294917,906733,323,3087,56314,5232,2828
16,826136207,1553979,419,1582,125492,2505,34291
92,398541585,1306193,1066,931,136327,36227,22118
141,698275944,3590239,4333,2416,314246,50448,48483
252,740771591,1328438,1483,310,50697,4396,5759
28,687408832,242163,16,36,1360,6,677
167,313840830,211355,485,598,25632,7472,3530
66,313872011,535362,766,921,41061,3823,5055
86,401218248,678761,313,1317,29965,5472,653
100,910787823,14826051,24521,35366,1016113,510124,113762
253,689295605,13639329,9706,10041,906603,156869,38661
226,953512986,1057475,2320,2162,133819,29837,11891
112,783504494,150061,410,139,8273,437,252
99,613605141,123875,301,336,3326,567,60
93,598277453,435127,283,1140,27608,6082,925
106,741068045,100304,120,134,8577,566,91
87,776458504,3409037,1653,3956,162684,35760,8276
93,271311926,421455,661,632,30754,8749,855
127,953775211,143475,231,370,6176,718,56
77,270985593,861553,543,808,144877,20155,4613
206,911176271,3830116,2316,2901,372245,64769,65904
93,270928163,1127007,1770,2099,184645,45335,10943
183,868680142,214289,186,483,13237,3205,143
52,783772356,753580,616,684,96958,7840,2095
24,741181680,220950,199,439,11091,112,3507
28,228650823,75260,40,171,11279,531,170
79,382722436,335404,161,519,14290,2904,279
91,868673773,58587,121,178,6052,345,76
89,604421765,1265222,365,1908,41311,6525,1314
74,735622954,1384962,475,1909,66641,19508,2781
67,401179931,430554,418,1028,60623,3612,449
94,698686292,20701,117,79,3483,138,40
72,566414348,638191,340,1586,29480,6356,1149
31,398282982,383795,237,522,59536,3866,882
92,520688407,1661314,926,2479,81551,17162,3708
74,524678273,794733,272,1461,54087,10341,1854
72,355979639,4162432,2928,5372,504407,73345,11929
89,868018622,634540,221,1031,34133,4478,651
219,868646266,516482,751,1026,32305,7388,3819
109,523364431,388622,135,1004,17270,2744,378
92,485790486,127899,217,355,15794,1566,158
37,271139585,709032,626,1946,51730,1759,4844
28,478229509,212498,188,1034,18389,2937,413
36,394070810,415939,175,1434,29428,5829,977
89,721431791,275333,168,677,11221,2555,209
1592,313529737,2411034,20803,3226,179480,114187,13387
59,867343899,334263,159,1007,21766,3395,455
63,822684430,220643,112,839,14042,3416,373
73,826019543,1893520,437,1010,128518,4307,4175
16,571250157,237820,16,217,8745,102,65
23,224727376,1045004,540,1110,45954,1266,2246
23,685726096,3175188,787,1272,194483,5003,8906
98,443755330,173058,561,403,2639,458,84
12,356316697,151272,40,311,13725,895,340
22,852522779,1943617,565,798,108546,1977,2360
15,783838430,78685,1,160,8209,266,35
16,225954134,791653,202,521,39663,355,526
27,610052639,802345,291,686,53408,672,1139
11,953696434,121641,8,47,1430,25,23
128,313801113,153994,63,178,11547,378,197
28,861783506,42070,0,6,213,0,0
9,588597487,17523692,616,2965,184129,7483,7005
9,398489633,472641,50,457,14895,253,469
145,313761440,104143,107,167,7406,412,65
55,271329474,138600,32,79,2576,17,9
43,401284489,638111,230,1080,32616,458,434
21,826309525,294572,111,486,29777,740,86
29,510681781,1817109,418,1094,101872,3550,3789
31,953815264,227187,822,1075,17780,103,41
20,228840844,85703,31,107,3582,26,32
36,398770201,53106,22,35,2399,23,30
48,313797710,23931,35,135,1629,211,107
73,741345755,316259,306,864,5739,289,1330
78,313870563,154710,294,204,9065,651,70
22,313854562,8225,9,42,575,12,3
201,826318889,1051672,2464,2817,64072,56970,517
16,226800618,1607336,26,50,24245,801,2347
64,613371129,125881,80,257,11950,456,58
112,571285306,214215,180,667,22092,1695,1083
251,401367308,477639,670,1167,26559,1501,735
15,803596583,12054308,1364,3936,347906,47803,58500
7058,570889935,6910102,37089,8808,102604,69835,590
29,270850308,309458,32,377,20049,180,213
21,911297405,48610,42,225,1515,72,51
11,401261388,635033,252,671,37595,1228,8367
164,911329708,137452,242,267,18202,436,155
64,356336314,267816,558,294,23680,1050,634
302,656239647,157679,228,193,3090,130,503
72,571258337,343567,335,1906,19772,3247,11656
213,571313813,2156816,2395,1556,108216,2045,799
11,401261388,635033,252,671,37595,1228,8367
7058,570889935,6910102,37089,8808,102604,69835,590
1426,571340974,3945240,8300,2418,35138,6359,52
213,783800586,505816,816,506,28735,983,363
10,356170012,623078,163,634,16722,175,196
11,953696434,121641,8,47,1430,25,23
1516,953844079,816378,1439,703,7563,4035,4
16,656296180,39196,9,46,1508,29,5
113,698758377,523480,370,601,38135,1616,1112
141,868739584,1554594,2472,1323,144541,18283,8855
1694,313852527,614159,1418,228,5355,3092,1
33,227742052,129916,66,139,6367,185,130
66,313872011,535362,766,921,41061,3823,5055
11,782843818,3564638,251,703,176693,4376,6324
98,443755330,173058,561,403,2639,458,84
102,656331548,605116,810,1173,60488,761,602
11,271346219,302275,185,660,13248,3784,89
636,528860001,2362820,1997,770,114855,6919,3714
379,228873006,658443,2293,935,44618,6729,537
38,953522108,45802,12,105,1520,78,25
163,443727636,874148,1393,2875,93253,5185,1484
21,443300988,632037,196,424,49926,902,3884
148,313800934,153747,206,381,14313,5284,382
31,953815264,227187,822,1075,17780,103,41
7,398249077,40708,7,83,7372,128,201
90,486363529,259062,2754,1397,55033,6099,572
30,603894865,934630,87,819,6250,59,278
181,911265106,308697,424,1091,28466,2240,1188
213,571319516,516237,904,724,46373,4914,1323
10,397852142,63487,12,45,4203,44,33
41,698821427,223893,74,601,38374,4173,229
391,228798009,528355,524,508,36037,5572,769
140,741075068,2592172,2206,3238,175509,101300,43235
10,610147498,192409,10,89,2221,37,717
26,486341208,431393,92,303,45696,3347,483
137,528848135,340558,261,1454,16323,2907,229
143,868848352,3552826,4034,6555,245992,4015,1963
797,313690196,5605028,15639,5851,542744,285195,22667
214,528829125,439479,663,430,27165,2126,818
37,996286952,1313113,251,435,83173,839,1654
43,401284489,638111,230,1080,32616,458,434
505,228518271,203108,698,360,10679,1463,243
23,224727376,1045004,540,1110,45954,1266,2246
14,602793513,1937315,369,1054,209413,9499,1024
15,803596583,12054308,1364,3936,347906,47803,58500
16,225954134,791653,202,521,39663,355,526
25,648980377,2468634,549,813,85175,1422,448
19,604487890,1995244,678,1706,255154,2251,5709
22,852522779,1943617,565,798,108546,1977,2360
12,982818139,1276947,392,941,63854,2013,2355
27,610052639,802345,291,686,53408,672,1139
68,655986256,632711,420,811,21626,1992,10476
12,226036865,390814,158,410,38277,437,628
25,396246163,1582512,531,728,169957,1938,2979
56,528534412,230330,73,142,6394,111,198
19,354865453,1984120,145,348,105420,1519,469
23,685726096,3175188,787,1272,194483,5003,8906
40,908133480,3416697,298,982,175356,1155,950
16,613595354,202078,71,129,6782,91,69
15,571020302,424951,31,165,24211,54,377
29,510681781,1817109,418,1094,101872,3550,3789
17,396174471,625710,262,541,24501,1236,307
17,395480774,507055,154,400,4789,156,1611
21,739021874,231079,99,273,12724,462,59
132,613172408,1330762,1138,2427,37229,1585,536
14,313618223,989728,273,877,116517,1226,738
29,270850308,309458,32,377,20049,180,213
12,613608050,271538,34,229,12528,222,501
184,486101393,448228,348,404,6408,56,77
16,571250157,237820,16,217,8745,102,65
92,868569025,303762,54,235,14660,134,195
20,613572845,331564,88,322,9265,40,359
39,826215688,1601382,606,1163,231568,7919,2296
14,486065296,57297,3,72,3508,129,34
51,398458430,159046,20,58,3344,19,30
73,398564269,416374,171,263,19835,914,271
64,613371129,125881,80,257,11950,456,58
110,909392855,186091,188,469,19221,1669,158
222,398537078,786209,2303,1211,52023,3956,2391
80,486099832,407547,372,540,8162,264,3253
86,868564366,1201393,975,1682,92809,3706,4732
32,442228110,799019,238,531,63668,661,715
81,868021036,11360322,7394,7859,655915,130796,161945
20,257900937,23623365,5216,8039,1103936,15518,3555
43,227879530,2588553,736,1067,131400,11492,34382
27,783004305,1176241,472,707,42361,1492,14062
87,270267129,4110930,5830,4806,99006,5030,47840
92,442960465,1677812,1250,861,52106,6799,10520
393,868283341,291924,359,121,6222,55,325
11,226737059,1773309,214,464,16446,391,5377
119,228613736,1378187,891,648,68316,1990,4201
88,527748322,6743427,1877,3346,218772,25735,40270
53,868435719,5644753,1758,2960,599383,44234,78101
65,760898443,1451671,1754,2428,43440,11806,24922
151,868771308,1833438,2247,1912,124000,39811,33071
88,397840653,2009368,772,1134,73533,6842,8576
79,270573501,1944052,1197,1168,187443,5081,11791
98,782853546,1516031,1080,1182,44826,8167,10922
140,312517101,1396212,891,788,103942,24629,11822
107,911026989,160119,90,106,7501,514,1199
115,400509117,1597253,1311,832,82279,4166,6959
94,995619394,521740,463,525,61847,1916,6223
76,910808485,1846867,1403,2939,232910,14337,13511
75,996085187,1481346,585,557,110615,17627,7075
86,355643853,1309808,1338,769,71646,5961,16385
163,355522056,1879010,2370,1911,108791,20836,43044
125,910573206,1236007,597,510,39707,2571,5021
111,485605798,706810,911,578,36326,4250,10482
51,503526638,3312935,3087,2236,53512,5194,22675
159,400687011,2838353,1677,782,25688,1995,1585
30,355346681,608682,328,310,8929,79,1143
17,589856019,12065793,9818,22804,393570,109454,179454
188,910181899,5309965,39404,15940,140318,8636,106252
78,910345771,1918825,1558,1726,119892,13294,43170
62,655332803,1474135,1046,1330,57690,7459,22110
102,953130896,4482815,3833,1433,274031,36804,30601
237,398294630,3252607,4054,2816,448198,427716,32993
79,270175893,792897,664,951,23656,6462,15527
225,355564665,1219858,8324,3228,48339,1277,8059
142,943121738,1479198,1243,660,99907,4493,7928
155,740377132,2366867,2143,1000,47880,684,1854
70,485504164,842456,575,717,92936,8963,12791
49,461010616,235510,251,348,8154,1398,3905
8,826069221,1479726,413,1732,157541,4025,5487
11,505957957,4767617,809,1851,142582,10108,13775
11,355494407,197943,39,146,19371,205,322
17,313420689,327273,118,211,12371,180,314
15,219603481,2768603,257,1703,131138,5436,16830
28,905379599,14167,0,1,105,10,20
21,295274964,1507175,480,608,63986,1852,2425
11,698347489,198402,21,105,10676,70,149
12,698203231,714507,34,369,17228,138,254
14,822377829,420138,157,739,76473,2540,3236
13,306439778,2524949,260,741,42181,634,2410
67,228287298,130387,33,117,6432,94,146
81,868021036,11360322,7394,7859,655915,130796,161945
8,228737034,19995,2,17,1912,8,16
10,774208172,2073902,359,1337,82573,10089,4117
11,388287803,3746161,354,1082,193040,2955,10143
11,258156698,160324,39,143,8822,276,542
11,312171988,999122,196,562,51011,994,2716
12,899408842,27653,5,22,579,20,58
9,736634923,181057,49,191,22031,451,682
23,351313421,1200675,82,267,29410,212,340
37,868567497,955947,789,2175,43915,834,7735
22,570640845,275556,55,285,7257,103,138
31,353974379,4554254,809,1688,332800,7759,12022
9,783198592,400005,51,263,10816,60,675
8,995827588,15845,1,30,2735,31,27
11,81766424,3359326,956,1951,111585,1937,16135
9,81005289,1257807,66,68,7840,80,136
12,398721995,85591,19,144,9540,336,59
10,868171484,179449,8,64,11450,66,114
11,995774888,662272,112,305,15085,156,667
10,952805017,204179,15,72,13871,32,217
19,528780836,259624,87,158,32170,173,199
28,271163078,442668,72,294,48827,1142,3880
12,868133876,244651,21,134,15704,77,142
9,313014686,122398,19,129,31922,470,315
8,613351725,12235,12,31,3164,46,42
10,307790644,561431,215,533,28084,240,1944
13,443598870,386088,15,148,13996,518,2716
14,313618223,989728,273,877,116517,1226,738
29,311045660,1171940,665,719,101505,1788,2009
92,271294917,906733,323,3087,56314,5232,2828
8,570376811,405405,46,346,17440,595,3356
209,698659933,805314,1359,909,74920,9155,5693
122,257264141,17938586,41614,9876,1078720,516001,196918
91,262481128,12435964,7036,4500,830762,136255,86661
13,740880268,702026,163,673,59828,4305,13020
22,694588305,447901,21,79,7105,99,452
61,524368665,1625847,374,1698,51334,1057,3067
73,698838979,333577,286,624,69675,9710,868
81,868021036,11360322,7394,7859,655915,130796,161945
129,429381690,7353215,9236,6726,606605,70992,47701
128,313865648,1449033,1638,1253,112108,26957,13636
9,83180234,3296085,592,704,94358,4946,12142
133,698079605,5405902,5233,9439,756526,330055,117643
16,643923077,3982545,757,1598,218802,27997,13958
158,355903423,3197760,2912,3507,342434,233648,28799
75,996085187,1481346,585,557,110615,17627,7075
95,911035235,1986661,336,1140,74464,5102,3668
69,443722556,229472,340,334,31619,1759,268
88,697563256,710389,261,691,32464,863,8269
18,995251101,323308,44,317,53553,160,156
68,443786536,458470,168,482,38144,91,952
14,844703577,8867616,3838,3806,297150,28180,91232
57,528365403,876518,900,1733,110641,9085,28279
118,355787768,470056,450,5475,22313,2596,4720
114,417626230,6152566,11249,3314,408394,148983,35668
136,996348502,292140,1403,562,40144,2600,209
121,527738742,143790,118,603,4425,456,2268
215,826291378,520282,671,452,39871,1305,1019
151,868771308,1833438,2247,1912,124000,39811,33071
80,774723431,679282,792,415,37404,6176,3784
95,260374868,1461377,1369,1034,120495,17220,5444
237,398852338,58854,258,250,2263,197,1087
89,687152577,2344463,4579,1787,121300,14988,16199
13,736620492,980917,15,260,8635,82,1009
77,825601415,4474170,1662,3084,345519,95710,59063
61,953335869,38156,4,43,699,17,124
214,783812226,84998,49,90,1372,43,33
20,271270164,217500,211,801,18849,1699,2240
61,312355523,7937126,13673,6656,553335,164399,118145
313,613148032,1426451,1715,1759,112912,24632,19686
19,354865453,1984120,145,348,105420,1519,469
15,697413803,420385,71,270,44482,553,159
24,269837024,198885,77,361,19587,385,1398
89,354756560,46454,6,15,571,14,22
18,400026407,819552,97,649,40217,3352,1925
16,781090962,726904,53,171,37006,479,234
14,226932880,826797,28,120,53506,1300,750
17,866018753,1649631,201,505,94744,956,798
17,612285531,172802,17,108,3293,83,16
60,262624695,1015928,180,137,8025,140,600
59,993071307,250917,33,99,4678,42,601
14,227172414,772166,168,407,37117,1456,481
13,645574828,401536,89,290,52180,678,318
128,994642419,2479025,2518,2044,80853,10090,11381
16,906183731,1218283,258,427,71607,638,826
14,227284733,66536,0,13,1488,14,22
52,698747247,46498,15,44,3314,101,15
99,442214327,2057641,1496,576,97094,10658,1180
14,442630286,155544,4,58,5038,176,61
17,730382703,2280535,722,1630,203269,8980,8056
27,654848967,189137,25,69,7502,97,60
15,439857935,336830,22,139,7997,269,133
23,569913662,187602,43,538,22764,3665,698
61,269584609,4545730,1146,2011,578783,43408,11850
139,354984112,979989,833,452,63107,11222,2697
17,867218864,140889,15,113,7901,238,46
26,431716331,547514,97,176,27994,792,359
151,782270085,127287,276,71,1492,306,38
69,354921163,1324441,1218,950,126898,22436,9881
268,824958056,3134976,7593,2875,396681,47802,15095
258,484915496,3388390,4782,3814,393020,111085,21601
15,439795270,820990,154,456,78023,1305,1249
131,824601121,875943,661,210,29332,5579,5768
21,816450882,610358,57,134,23711,414,147
14,952215354,199864,8,53,1870,22,46
134,909903050,2729444,735,1022,102411,15997,6598
212,867354150,597897,151,787,4971,52,126
184,227352523,1124693,2787,3614,36015,7003,536
15,867434633,126332,11,70,6087,292,85
17,730550282,1020082,231,551,93458,3649,3502
851,697293611,4248832,14617,3258,290996,95237,4651
21,826309525,294572,111,486,29777,740,86
204,741112487,280755,394,315,12083,4073,688
88,204733494,4494139,2562,4077,207057,34184,9108
19,219764876,2379753,363,1701,123016,6373,5089
36,392585424,780569,1128,1933,69981,7720,1281
15,986147546,5113093,1684,2780,206734,16032,12997
18,400026407,819552,97,649,40217,3352,1925
206,911176271,3830116,2316,2901,372245,64769,65904
12,313789160,418299,72,490,53672,1677,370
16,228430646,526017,1136,469,16813,855,4665
11,268643147,382935,96,496,29969,1902,383
9,866268783,588495,129,623,23096,591,196
636,528860001,2362820,1997,770,114855,6919,3714
152,313632800,1036998,855,801,74826,35897,1063
17,989820836,919493,320,986,42265,1426,487
26,440630315,554151,413,923,28894,2529,265
15,731300452,751892,278,726,36422,2721,889
20,866440408,283942,133,463,20183,1083,158
16,994270789,454952,313,766,24871,2057,231
36,480190633,1099649,1302,1943,95341,8865,754
32,269715269,480369,214,817,39832,4908,550
248,868804473,1133660,985,1656,53186,4499,8075
38,525367459,504299,268,985,37435,1702,264
797,313690196,5605028,15639,5851,542744,285195,22667
74,996178439,802750,461,1560,47690,1292,1943
140,741075068,2592172,2206,3238,175509,101300,43235
37,528217755,617512,216,936,86204,3032,2972
19,694658892,970870,468,1237,39481,2683,543
324,313761156,2576737,5823,9239,217349,41681,31867
256,228865234,601614,492,277,50882,2320,512
17,568291901,435140,174,653,43172,1740,370
82,271364654,661385,390,573,41338,11182,3553
156,698722644,978625,1159,643,93913,21531,2892
211,613806966,355557,2144,2299,18716,2393,2688
21,906708445,705020,308,765,59348,2903,1664
87,953763534,888399,627,841,32555,1639,4930
17,691044957,625929,259,715,37521,2167,591
37,271139585,709032,626,1946,51730,1759,4844
85,398707448,3294114,1803,3253,271480,38933,47518
93,271311926,421455,661,632,30754,8749,855
168,826258969,671817,937,1378,73018,5726,6328
227,401150706,2234605,3586,3165,245468,26547,5438
138,395507053,3162342,2019,2849,111557,9452,55559
39,826215688,1601382,606,1163,231569,7919,2296
207,348731157,11496469,15487,15697,1163059,180856,126122
121,343293316,8860723,3940,2288,621450,21817,5844
38,486202842,3397397,2747,3354,300571,15957,7165
55,868553128,446127,275,800,12387,150,606
100,910787823,14826051,24521,35366,1016113,510124,113762
31,398327683,880889,33,543,37247,242,731
198,868734579,362440,632,689,21560,733,367
231,897996061,1089285,1837,1874,96319,21952,4368
283,528586148,1461149,6883,2291,90826,7653,15794
839,996220554,2405567,33508,33362,256704,161020,30170
797,313690196,5605028,15639,5851,542744,285195,22667
233,911229454,2093985,5210,6723,192328,55788,13218
187,868513008,171214,265,145,11382,774,100
10,952710592,109883,47,144,6744,15,92
234,783653993,384919,381,689,41155,3110,206
206,911176271,3830116,2316,2901,372246,64769,65904
134,271072177,1762840,2263,2036,166852,10653,36452
116,826192380,849062,875,3194,55851,6717,6895
81,868021036,11360322,7394,7859,655915,130796,161945
12,656061953,1960482,399,2685,126080,1445,19757
188,356268117,1349344,1204,1218,38545,834,1948
258,484915496,3388390,4782,3814,393020,111085,21601
263,398850674,2539981,3700,2728,123150,3897,8347
143,868848352,3552826,4034,6555,245992,4015,1963
316,356119453,1789723,1520,1721,100444,6558,15042
188,740384395,1700703,1498,4459,157098,25719,6241
179,613075153,241093,427,255,21275,710,376
212,228432581,790579,1169,1155,21633,3911,257
199,605988858,2603199,2023,1835,211346,29793,7652
85,398707448,3294114,1803,3253,271480,38933,47518
114,398566379,971633,227,1040,66303,8768,6992
226,996205843,279231,388,204,15468,856,135
32,868524199,2276216,362,2192,253108,13873,3159
298,815304709,2939659,5262,3496,237437,87135,20132
205,768477873,966123,1787,1096,65446,20550,4234
34,271068651,2161232,936,2788,324649,10857,16703
12,398586034,1667327,312,1155,246348,4083,4706
22,741133122,1224363,450,1491,215727,9585,3410
39,826215688,1601382,606,1163,231568,7919,2296
30,220282027,4169664,715,1024,272356,2944,3125
49,520499426,8879238,5287,8092,1147458,95799,77073
12,398586034,1667327,312,1155,246348,4083,4706
40,908133480,3416697,298,983,175356,1155,950
23,603268257,3565649,207,253,33528,339,417
99,215754669,4447921,2332,2348,353201,17334,8603
83,952630557,825377,867,962,91844,1611,2211
150,37525880,4406540,10953,7278,174499,6007,25506
59,304069277,2724189,1079,1503,248045,2594,2493
25,396246163,1582512,531,729,169957,1938,2979
81,868021036,11360322,7394,7859,655915,130796,161945
67,570404546,4924910,1597,2655,425168,20290,9813
100,910787823,14826051,24521,35365,1016113,510124,113762
34,691061227,2878707,910,2750,354552,12584,11785
39,910376336,2163664,1519,2629,204315,15817,25373
100,994400250,1405777,659,427,122600,935,218
62,523498353,2469456,442,747,143575,1827,779
111,610818405,1998320,905,888,220302,6121,5242
54,948118254,1873904,604,1135,195225,2877,1983
69,656230041,1536441,1196,2163,67512,5638,31762
23,946580807,5086400,637,2107,274342,14235,8432
63,985105904,3320347,1305,1846,245185,7340,5616
96,697065650,1637221,721,725,153427,3278,4180
105,401100706,808890,364,447,72525,1352,463
797,313690196,5605028,15639,5851,542744,285195,22667
34,571182531,675089,194,1880,73409,4961,504
115,228611049,5293686,1821,1596,628567,11582,6923
566,656189794,712514,630,423,72195,5404,1107
34,271068651,2161232,936,2787,324649,10857,16703
115,783577706,198880,348,910,12699,161,1263
212,228432581,790579,1169,1155,21633,3911,257
186,911113260,1015828,1354,1668,66751,7042,6553
7058,570889935,6910102,37089,8808,102604,69835,590
18,698736746,1893403,748,1196,116886,39924,603
85,443644270,257477,1183,674,3848,71,105
36,859777734,4472768,841,920,288690,3181,2969
154,854972262,1849592,603,1091,42497,255,802
14,911004289,1186331,329,1457,233017,4346,14351
43,730641360,2578940,757,1103,197569,3646,3973
16,783442465,1186562,303,1005,71202,2612,3258
623,486051504,3066059,6805,1891,309635,66873,7696
31,424478046,2165206,410,433,67107,652,4002
1102,983669203,7868460,59959,14568,817611,292832,15159
176,228466494,352878,456,144,28724,2302,97
252,740771591,1328438,1483,310,50697,4396,5759
705,309952238,7931526,24373,6296,566545,224553,17758
581,868628548,4205261,21026,5334,460084,251051,8735
75,910829094,2253910,1641,426,91248,8020,8873
201,271006171,1221227,828,876,97039,15726,1377
82,228533570,791081,364,572,64557,2677,889
1309,428147621,20078425,151507,14699,1179808,610744,45155
601,45629276,28429493,84646,13431,1678402,1474066,106238
91,826089210,602939,271,554,15429,194,1216
664,383003838,10734297,35717,11670,929201,656607,38472
102,953130896,4482815,3833,1433,274031,36804,30601
641,868110250,2065854,3654,1865,150733,20634,4018
733,712177779,6764775,61058,8517,493800,121603,14118
579,945502040,6795987,16025,5172,585382,241763,47197
222,398537078,786209,2303,1211,52023,3956,2391
63,783300896,1575840,148428,1504,173159,33648,10365
586,697695172,1972784,5191,4584,176560,31632,3437
255,953396579,1364893,1851,772,79548,3661,1602
236,613522268,828407,599,494,52272,8492,1258
414,868506183,234721,936,763,18267,1608,147
1202,355883657,1544491,6885,2657,67903,14488,6119
294,613509391,1934042,2420,828,123637,8837,857
797,313690196,5605028,15639,5851,542744,285195,22667
669,398028639,8370184,25298,9208,584979,243048,11179
599,951776715,3262553,3840,2049,295872,74687,4535
22,826020940,675123,196,393,55642,408,235
23,935779112,1940603,145,181,107052,326,930
610,312929515,7230145,25606,5271,501275,194841,11229
40,974678029,2097008,262,315,64269,1065,7346
1227,820361932,3239864,9550,3935,268711,68571,3085
57,777942843,2417052,1107,1120,162375,4065,20491
277,356116804,2553586,1670,1115,182721,3817,2290
199,911023221,1050269,930,1418,112614,2673,1241
627,400664449,3358034,19004,3038,266043,84330,3957
674,741309117,977854,7174,1684,133263,30566,1333
704,783593079,506959,2416,368,38532,5890,254
832,783285441,1945870,5268,1162,197487,30628,1624
25,396246163,1582512,531,728,169957,1938,2979
36,517530136,1733994,225,444,136652,1617,1125
9,866268783,588495,129,623,23096,591,196
40,908133480,3416697,298,982,175356,1155,950
40,653070015,1021506,272,1616,26591,355,12497
70,951017270,1893343,441,1046,55805,3435,2545
59,993690061,2395530,1187,1298,180290,4347,2955
154,268735823,2224368,809,413,47090,2289,438
10,781228444,1205298,95,528,67119,1516,948
48,951067779,8808606,3691,7884,1122544,73868,21974
32,908694627,2763479,909,2470,173988,12749,38753
31,731757898,3087502,558,997,245142,4323,4460
23,224727376,1045004,540,1110,45954,1266,2246
69,897615534,3555273,1443,2666,187983,4819,11666
26,440630315,554151,413,923,28894,2529,265
11,268643147,382935,96,496,29969,1902,383
337,908752730,1460904,2133,1801,101907,28756,1584
23,908734044,475948,96,178,10395,167,698
30,730505384,3150265,584,1328,159828,1460,5853
22,440635429,1719473,512,525,72542,2572,1683
31,268381239,1830250,222,1162,118838,3471,17898
115,439187249,261740,196,207,17310,1759,411
101,696106904,584017,573,421,17742,800,663
164,695721671,2301095,2214,600,48221,20975,1599
111,817763101,2397300,1001,778,211763,4386,3388
182,353086752,1702686,1206,299,54766,14803,648
97,303938987,1550058,677,850,161902,2494,787
71,688498394,3341366,1059,1456,388846,7370,2302
99,215754669,4447921,2332,2348,353201,17334,8603
23,946580807,5086400,637,2108,274342,14235,8432
172,568536932,1559882,4395,5108,93751,6225,39225
102,653552342,1411571,409,475,50793,1490,9253
30,220282027,4169664,715,1024,272356,2944,3125
31,611142435,266572,11,302,13557,785,170
18,822697579,1023851,203,1447,23072,162,1167
49,520499426,8879238,5287,8092,1147458,95799,77073
83,478820755,1351508,461,677,152440,1989,347
19,354865453,1984120,145,348,105420,1519,469
54,695903122,1195889,551,618,144436,969,1645
54,948118254,1873904,604,1134,195225,2877,1983
78,525698458,251818,248,307,16680,249,335
72,613589601,796957,267,572,144557,19469,4590
14,373512366,3270193,783,791,169144,19311,23394
73,443395184,50002,17,17,1176,62,35
23,767523341,1501000,811,1016,94036,2335,2630
11,857605238,84956,10,24,2930,179,52
39,910808870,267225,39,80,23173,1918,1653
69,717156463,819451,553,133,20211,471,100
15,67000439,1802326,203,308,37571,2348,1103
13,527386329,162716,66,267,10255,671,1686
122,723047166,5504219,5277,2300,324738,160396,19142
105,910616378,248888,142,246,6377,66,50
100,698228219,148740,204,140,11969,1146,563
86,355334008,1509663,454,684,83906,20988,1566
113,381647062,977850,273,152,19691,724,452
217,953868220,425470,456,564,30305,16149,800
146,313734079,89312,350,93,5646,725,59
131,939848863,847219,996,802,94650,36035,3561
91,795714519,2374512,3654,1330,204058,57285,6484
101,443460450,43583,5,27,602,4,33
77,825601415,4474170,1662,3084,345519,95710,59063
75,256652137,1737577,983,564,89703,19005,2206
73,826019543,1893520,437,1010,128518,4307,4175
53,868435719,5644753,1758,2960,599383,44234,78101
108,993437191,617491,381,327,21864,1681,770
39,606616677,688601,347,449,46324,1231,237
137,952853545,53926,43,18,1074,15,22
92,995275937,160731,55,75,8177,452,603
31,485436522,170351,26,119,6992,142,48
75,996085187,1481346,585,557,110615,17627,7075
65,783093505,47739,57,68,2283,51,62
212,228432581,790579,1169,1155,21633,3911,257
11,80535655,3079043,747,762,102564,4184,2923
101,210581127,468617,732,332,11380,830,240
252,740771591,1328438,1483,311,50697,4396,5759
143,824397863,738519,861,474,41299,8372,863
181,981557055,1771858,4224,2680,199169,203055,24531
81,868021036,11360322,7394,7859,655915,130796,161945
129,953483803,1780020,1819,1903,207606,88041,9185
227,442927667,1614651,741,1140,54216,6167,3215
148,843944110,217278,146,102,6613,219,124
82,554429957,12471127,20495,8596,1086950,496674,191285
34,571182531,675089,194,1880,73409,4961,504
1047,346107650,903356,1667,1051,53452,21595,1026
22,741133122,1224363,450,1491,215727,9585,3410
62,947570992,886977,923,343,2096,75,169
159,355235231,129672,161,75,1414,69,17
14,612755646,413093,57,437,76483,4801,1188
32,826116537,149445,57,120,19898,501,81
21,355585112,233443,29,293,41675,1940,330
12,432975887,1018328,197,859,142068,12497,6491
10,656118039,150326,15,217,29331,1386,421
11,398553922,124224,45,270,19631,878,136
207,953739504,133071,230,782,41043,963,193
19,783516795,748268,412,1014,123626,2019,1830
12,698203231,714507,34,369,17228,138,254
12,900198073,2458708,598,1250,125089,7163,3784
114,911135722,1776879,1742,6378,204710,16199,7593
14,953839586,102837,54,238,22669,1764,183
14,996052856,107561,23,229,29834,668,456
11,398254215,326478,54,382,60530,3627,872
20,356136949,103525,214,89,9102,43,53
94,261176238,2521595,1687,1664,207885,24800,7482
8,826069221,1479726,413,1732,157541,4025,5487
13,528742072,394743,44,331,38642,2473,589
12,398721995,85591,19,144,9540,336,59
12,313071644,371749,176,539,71779,2346,565
163,443727636,874148,1393,2876,93254,5185,1484
11,995768949,860537,186,484,70969,2610,1343
39,826215688,1601382,606,1164,231569,7919,2296
773,571221771,199181,852,785,12830,6257,1591
15,655301785,828088,145,797,96671,1995,1134
79,400961956,338774,471,1702,64899,4870,1504
76,698725869,1334365,1211,5258,160559,9660,2980
10,698602282,273899,56,462,40666,1610,2491
15,741131743,109788,121,136,20433,980,371
11,485871942,115296,17,198,25379,1274,240
10,613710109,294792,197,611,34246,2691,537
448,401031668,3048166,16870,5494,190921,35905,10628
19,313253484,990208,52008,1778,51147,431,10505
15,439750824,1174931,334,686,93173,5414,4696
17,442865647,391076,248,1174,23371,556,7409
47,783580685,2512805,2043,2025,369418,7116,7521
67,401179931,430554,418,1028,60623,3612,449
16,826136207,1553979,419,1582,125493,2505,34292
95,911035235,1986661,336,1141,74464,5102,3668
63,613010407,4876066,1761,3906,420740,32918,95334
120,528515335,1015253,308,1013,27317,969,1938
103,511702901,4261588,2742,4001,312387,75119,23923
636,528860001,2362820,1997,770,114855,6919,3714
100,910787823,14826051,24521,35366,1016113,510124,113762
111,698652414,207068,234,956,13787,4571,49
209,698659933,805314,1359,910,74920,9156,5693
63,911158677,955111,375,1298,73239,6200,3547
30,868615643,677969,297,591,94851,4714,2311
213,783349875,1971159,1452,2392,246887,50750,9697
14,653726007,358364,42,103,13306,568,214
132,868605529,702180,629,1458,157716,4974,8349
1592,313529737,2411034,20803,3226,179480,114187,13387
121,698710071,508899,956,897,48870,5942,247
96,313206470,776707,1394,1993,72759,12258,1170
8,826069221,1479726,413,1732,157541,4025,5487
73,826019543,1893520,437,1010,128518,4307,4175
79,911172644,351444,5,675,6442,115,218
75,228793600,993310,644,1284,77999,7266,38210
214,868630817,126209,503,223,6629,620,52
128,783664776,211103,217,415,18318,330,144
92,953673753,292520,316,1564,17763,10235,850
37,868567497,955947,789,2175,43915,834,7735
83,571161194,252080,209,588,12596,5155,1032
206,486275073,417462,1234,751,57981,5040,2694
448,401031668,3048166,16870,5494,190921,35905,10628
130,270087780,326265,468,558,19361,2244,199
226,28361833,18945396,51307,23128,643257,391179,190819
14,398654617,107312,43,122,10492,476,51
86,401218248,678761,313,1317,29965,5472,653
52,783772356,753580,616,684,96958,7840,2095
54,783803987,64207,237,690,10646,3875,287
152,313632800,1036998,855,801,74826,35899,1063
276,401022633,6935776,22591,23722,716865,591373,103929
92,656129204,268359,1475,3642,27357,21815,3208
219,868646266,516482,751,1026,32305,7388,3819
94,268635617,371021,570,514,27478,3546,336
10,311720511,1880139,243,1430,90405,2142,1305
212,228432581,790579,1169,1155,21633,3911,257
87,741190035,479166,1033,2763,61611,43744,1623
161,740842138,305731,707,112,3756,663,91
66,570843070,883687,266,1191,9586,382,812
11,824142087,1853785,173,617,43795,163,2500
16,952907346,276351,169,397,1029,45,594
65,486133382,1094985,168,986,106226,3111,897
238,398408222,361826,940,327,27915,1882,1044
12,656061953,1960482,399,2685,126080,1445,19757
187,995593116,595729,680,905,14863,5145,1688
50,398733032,425177,172,417,31172,820,575
206,911176271,3830116,2316,2901,372246,64769,65904
140,741075068,2592172,2206,3238,175509,101300,43235
18,698736746,1893403,748,1195,116886,39924,603
14,398703538,2102131,92,472,151554,1362,9181
17,486138391,1136584,135,1154,106769,8115,383
153,613711561,1019081,269,713,35936,387,82
123,911196142,317564,329,1386,4137,63,430
11,486167056,575359,159,870,120921,2156,16131
139,271179787,722393,407,327,9625,117,138
163,443727636,874148,1393,2875,93254,5185,1484
733,656229777,457754,1134,1079,33342,28065,2605
770,911306933,1008956,1328,812,130699,127732,905
110,656096241,2863755,1945,1757,240938,13549,20711
208,826227005,1328814,2677,2492,113657,10991,2234
115,228611049,5293686,1821,1596,628567,11582,6923
240,783627273,372552,612,652,21884,885,569
12,398653397,582155,38,203,37270,157,61
76,356152189,829281,151,973,69774,622,563
134,271072177,1762840,2263,2036,166852,10653,36452
123,911138786,616125,496,1256,36587,319,4322
103,398659002,387906,931,544,15607,296,151
18,271191043,698542,94,929,71970,1496,10423
78,356087210,2458267,619,852,80562,5076,711
84,953455104,168773,56,171,5168,102,6
27,480535613,467506,51,967,16291,115,287
128,401189998,1191258,1517,1535,107154,20429,1361
101,356105256,134658,163,530,1776,2,32
13,443598870,386088,15,148,13996,518,2716
14,911004289,1186331,329,1458,233019,4346,14351
113,783579559,245878,171,133,10802,1237,55
797,313690196,5605028,15639,5851,542743,285195,22667
117,641866888,1440179,640,713,30126,3435,1231
581,868628548,4205261,21026,5335,460084,251051,8735
623,486051504,3066059,6805,1891,309635,66873,7696
560,815840525,888837,12892,1211,59643,12037,1916
155,698120231,9293200,31035,45634,1122514,317637,78765
946,740257408,805975,1041,605,33426,7926,4702
17,868043747,1661833,858,1649,231589,2946,1306
730,768280609,14595050,44599,25912,1701578,1868409,73245
468,251187473,24374727,79164,53297,3034669,3095942,448149
537,771908203,26105935,111431,10582,3074578,2390971,203682
444,66210564,7199386,43210,13593,841858,829775,58246
383,741175630,974345,930,1043,19160,3633,931
304,540601597,8007710,40385,18243,917320,692888,60421
567,219404688,13227034,41342,17993,1711995,1798350,160804
267,401153381,1828254,1382,2849,155312,5342,6412
651,995579562,1961793,16340,7106,157755,44832,6874
34,626542021,1619068,1222,1768,58561,2365,9631
796,313868981,934944,4233,3201,45236,6689,8892
1174,442731336,496939,1370,3275,14999,4516,572
570,739233567,12099743,37054,14275,1661990,1444393,77615
456,759395091,12101922,106344,37889,1850452,1800467,126545
769,398685499,176065,2145,354,9417,3794,288
289,656165861,340758,407,553,18285,2139,462
101,527851172,42373,9,28,749,9,3
14,228551280,12856,5,6,528,35,14
74,826167696,1835012,369,1264,255175,38954,6749
83,996163083,468755,139,366,41544,994,169
124,443728780,177921,243,364,17411,790,415
15,867689493,528495,35,364,13248,59,145
13,996011529,1717975,283,1110,133086,739,11845
61,472338987,17634,19,13,158,0,55
68,995667991,1419429,652,507,73790,3267,4842
14,868660138,70040,7,112,2698,111,360
31,398743186,335384,139,373,25584,681,536
50,478372141,306143,841,736,20405,263,12854
18,353878845,917492,161,436,127987,2308,5779
20,909224191,1814237,525,1027,173280,3371,12480
797,313690196,5605028,15639,5851,542744,285195,22667
16,271027125,6559,0,5,37,4,8
12,265318487,559589,618,901,69431,706,4985
20,225973122,598657,250,903,82440,1341,9545
15,901875912,534339,447,493,52510,752,2622
21,890355930,229454,25,177,8377,19,110
17,803860802,842828,565,505,15377,543,3640
14,655051729,2232475,250,548,130005,511,3005
459,221361768,2707512,23501,3125,184866,23679,15441
63,613687523,631652,429,1906,38343,683,2323
65,868375914,1803114,440,1027,113595,7664,14825
14,486261759,9730,3,12,128,2,25
10,514158792,2053247,185,886,88165,604,6120
85,32625476,34979,76,35,176,8,820
35,486210449,159834,132,404,3674,135,1828
623,486051504,3066059,6805,1891,309635,66873,7696
30,271035751,581254,80,334,49102,177,1090
614,613516264,212355,2185,364,16148,1099,342
25,353198090,148820,223,367,21764,176,220
12,486128953,76103,3,70,766,27,38
13,819806973,453025,269,595,61059,661,3793
19,783033323,1234047,368,582,109782,673,5281
43,271097814,1235330,433,794,129802,2145,2238
13,684065744,3952488,750,1249,305972,2029,15076
9,867801849,728760,82,418,107027,1153,2081
81,868021036,11360322,7394,7859,655915,130796,161945
17,941710571,573173,51,167,26360,93,1191
21,252327782,1276697,167,383,113150,817,2677
23,739214138,1126394,240,629,126219,1006,5665
460,990614818,875612,11353,1211,72615,7150,5415
12,611993244,724694,172,419,62089,757,3730
18,528513933,88161,73,125,11921,198,807
16,669929297,387699,1011,724,6596,119,2674
30,271035751,581254,80,335,49101,177,1090
2718,741114374,5108581,12113,4003,11918,2566,59
9,826127176,247039,24,113,39453,134,65
68,228553680,254329,228,269,3451,18,118
14,868660138,70040,7,112,2698,111,360
28,271163078,442668,72,294,48827,1142,3880
12,783611394,128791,21,74,11667,102,166
23,826115699,163489,36,99,28967,255,195
16,637869767,1525659,384,578,88882,1999,8494
18,353878845,917492,161,437,127987,2308,5779
65,868375914,1803114,440,1027,113595,7664,14825
623,486051504,3066059,6805,1891,309635,66873,7696
13,996011529,1717975,283,1110,133087,739,11845
36,303340704,1264560,239,645,112777,1534,5530
14,228543345,1299025,49,299,77852,711,441
28,741028469,158691,47,173,8691,212,74
13,356111964,127653,13,69,3351,32,93
16,432524979,4721945,2405,7020,503279,22086,70483
20,225973122,598657,250,903,82440,1341,9545
29,215659276,986585,479,821,113127,2409,11082
276,356099530,196265,835,365,19031,3808,229
20,909224191,1814237,525,1027,173280,3371,12480
39,826215688,1601382,606,1163,231569,7919,2296
19,783033323,1234047,368,583,109782,673,5281
715,271080659,473585,320,96,18500,748,276
30,303280165,1422387,1319,987,188441,2154,10179
21,782809110,361619,7,70,13423,21,153
39,356019889,180044,28,76,1656,10,6
43,271097814,1235330,433,794,129802,2145,2238
14,655051729,2232475,250,548,130005,511,3005
14,551835417,343803,37,178,35054,399,695
13,819806973,453025,269,594,61059,661,3793
11,698619329,422176,87,292,19361,103,81
23,739214138,1126394,240,629,126219,1006,5665
55,604391418,1332683,169,636,90801,417,663
81,868604476,450745,127,194,58666,453,253
31,441604550,743445,216,181,13302,65,782
72,443511499,863011,205,443,70373,6020,3230
55,868168863,4161825,1417,1730,358463,9241,3094
12,911041258,62350,15,76,3961,100,100
115,783577706,198880,348,911,12699,161,1263
74,996178439,802750,461,1560,47690,1292,1943
2718,741114374,5108581,12113,4002,11918,2566,59
1426,571340974,3945240,8300,2418,35138,6359,52
74,508953450,2535392,1431,762,90004,1975,1452
224,271092714,2076945,2359,1293,92211,20983,19030
213,783800586,505816,816,506,28735,983,363
66,313872011,535362,766,921,41061,3823,5055
122,356148636,355270,829,1674,13521,203,28
116,209698150,799216,78,144,27348,84,308
26,225704842,151960,19,132,2360,16,240
18,995251101,323308,44,317,53553,160,156
63,613687523,631652,429,1906,38343,683,2323
636,528860001,2362820,1997,771,114855,6919,3714
170,443829876,143321,65,321,2236,31,16
113,698758377,523480,370,602,38135,1616,1112
118,656126973,601790,944,751,75508,8133,11970
41,698821427,223893,74,601,38374,4173,229
240,698431909,51866,120,175,1750,128,95
37,528703395,269230,96,746,14088,567,1768
104,996293956,467853,225,460,32572,2331,1456
74,435581564,752426,626,2334,29504,500,5722
68,400798078,1245354,384,1144,60875,413,398
66,972535797,6241866,914,1449,120985,1400,1562
504,868759937,1111545,1723,806,71572,15080,2270
927,783781023,437878,2117,1437,40826,11866,3769
161,571169106,526913,436,4692,8805,178,3067
15,471474074,284458,30,177,9689,97,283
311,571358645,335878,1996,588,38362,8674,403
73,401059712,372532,184,524,7030,71,1652
152,313632800,1036998,855,802,74826,35899,1063
13,443420467,1018439,543,1953,21297,310,3873
361,356370522,386149,724,394,14873,1694,2266
163,443727636,874148,1393,2876,93254,5185,1484
391,228798009,528355,524,508,36037,5572,769
41,888011045,4433563,633,1426,100908,3726,2957
19,953413244,61760,2,35,1428,11,68
64,783692847,524707,604,261,37274,2606,1635
81,826315088,208786,119,417,15039,157,219
92,271294917,906733,323,3087,56314,5232,2828
63,613010407,4876066,1761,3906,420740,32918,95334
148,313800934,153747,206,381,14313,5284,382
105,401100706,808890,364,448,72525,1352,463
193,569707433,5787800,3357,4321,458506,43327,57065
353,740443622,358720,460,467,12540,628,90
1404,733217698,550875,1506,403,22066,894,455
575,649344297,830967,1177,415,14258,511,239
554,825697985,428090,480,307,19407,859,218
347,697663809,438274,373,415,14135,973,510
338,994281405,4407287,3735,1967,362464,7744,5051
71,783380798,613683,365,443,28927,287,235
114,485577520,244666,104,333,7491,484,75
92,486053293,45739,135,98,2941,114,97
124,484002997,934425,212,321,77034,1049,484
22,741133122,1224363,450,1491,215727,9585,3410
615,434767125,6121375,4082,2710,336456,16050,10458
140,271079882,440144,192,308,11003,126,60
57,612821007,724338,118,308,40852,881,462
162,654795864,135091,25,32,2844,43,44
84,783625762,306309,961,1282,6015,176,190
363,696652060,618575,883,336,16061,870,216
684,857079085,684750,2133,644,14939,1333,854
495,400509413,85425,413,271,6201,659,171
299,740007106,877728,524,511,54156,3191,1416
166,995333297,1065154,1682,2882,113734,6804,18691
639,984708737,753660,1314,1042,11345,777,369
71,613546715,267097,643,789,2234,61,86
173,271269762,20497,65,58,945,57,31
120,528616393,377078,112,522,20748,1378,877
40,356142444,177231,85,174,36979,654,331
80,398394860,906864,271,466,67089,1496,507
665,305331856,553596,704,323,15473,494,166
368,772661540,958278,2074,943,20552,1809,1054
797,313690196,5605028,15639,5851,542744,285195,22667
198,868734579,362440,632,690,21560,733,367
409,996051059,1564554,4146,4598,72292,36106,3447
43,690889786,373832,123,532,13634,911,467
561,260596326,419126,982,399,11943,1419,787
105,868131408,1200771,426,1717,49607,3913,1230
645,351078501,578787,736,467,47064,1904,337
203,868616344,226693,239,651,12910,1731,268
138,395507053,3162342,2019,2849,111557,9452,55559
623,486051504,3066059,6805,1891,309635,66873,7696
79,401022017,1744208,1523,1072,162044,6455,1547
69,656230041,1536441,1196,2163,67512,5638,31762
16,783442465,1186562,303,1005,71202,2612,3258
40,868572094,467188,259,341,13939,406,1040
145,398522960,415931,111,449,6335,45,21
74,228558078,364197,295,457,18527,253,308
14,228543345,1299025,49,298,77852,711,441
51,400681530,1053912,1612,2370,16054,227,1155
24,910171974,84349,9,89,1286,6,1
26,484905822,876960,593,1266,42339,678,1360
73,826019543,1893520,437,1010,128518,4307,4175
12,656061953,1960482,399,2685,126080,1445,19757
37,398174097,316005,14,44,3789,22,18
83,398562725,229002,1457,622,4040,63,55
14,995921588,2276438,185,1278,163991,1093,1619
116,995710304,569283,1183,2063,29925,619,822
53,882711163,1019897,1453,1521,86179,10799,2635
253,355754555,734709,302,862,2916,93,81
56,560685428,2049515,247,537,149939,1885,1596
105,401100706,808890,364,447,72525,1352,463
189,613557314,766573,174,309,34602,1699,1095
22,741133122,1224363,450,1491,215727,9585,3410
79,528454809,312829,212,174,4859,53,41
25,740839270,314617,300,926,31700,218,526
33,443574624,297287,76,205,9975,247,109
172,568536932,1559882,4395,5108,93751,6225,39225
74,892171196,1918320,1000,1806,194047,3031,8249
72,694508824,2745296,1156,1264,202699,5647,2210
84,257607478,1741915,888,473,170178,3865,1495
102,228453862,957376,901,1442,68411,2525,3074
169,740927619,1918468,834,1659,99878,5789,6155
30,551314580,486393,312,1251,59586,4238,93
82,783489238,705198,280,503,31586,1110,1585
109,482901312,1678468,1446,686,177299,6764,623
25,442774555,732193,74,382,34276,144,755
127,400071681,4040979,3526,1978,266417,3819,1655
74,554951653,2639192,716,539,281612,1873,322
123,868079467,3414036,2407,1470,226836,3962,899
23,356081697,532322,492,1333,64429,789,7750
86,270957858,1258109,330,1222,109409,1410,949
115,656023179,324214,618,581,9007,77,127
56,528534412,230330,73,142,6394,111,198
60,312179973,1396111,185,465,56220,385,788
40,698640219,137965,32,68,3901,30,36
12,741072747,291031,17,268,11610,218,203
164,228562463,178141,250,247,8759,895,2643
25,868576893,1131717,153,871,82886,1635,7688
64,355921886,181053,21,73,9620,61,176
95,911035235,1986661,336,1141,74464,5102,3668
40,570967668,326157,93,161,5900,24,10
43,270833961,1316498,664,1252,116374,4098,6943
319,656003675,479414,166,260,10909,180,47
17,395480774,507055,154,400,4789,156,1611
55,868553128,446127,275,800,12387,150,606
36,911092208,39464,12,36,1162,8,8
39,826215688,1601382,606,1163,231569,7919,2296
34,773246019,92923,3,29,287,2,5
96,606533506,124759,65,45,2266,25,168
109,995834127,331299,68,119,13563,129,48
23,519384178,1097144,98,302,36080,1799,3438
54,398670055,58533,25,109,2949,47,43
37,868567497,955947,789,2175,43915,834,7735
20,613572845,331564,88,322,9265,40,359
83,613653536,65527,37,77,4910,38,61
265,783708928,1345165,1844,1890,106053,50421,7953
13,996011529,1717975,283,1110,133087,739,11845
74,528706961,84637,66,89,4748,40,123
13,228314443,546148,50,204,20399,350,813
51,398458430,159046,20,58,3344,19,30
128,528614872,67947,56,40,1726,17,63
89,698413286,699397,223,252,58861,481,735
52,356023449,198363,86,91,20615,101,746
30,271035751,581254,80,335,49102,177,1090
27,868619527,987056,439,1382,87402,397,1724
68,655986256,632711,420,811,21626,1992,10476
36,398770201,53106,22,35,2399,23,30
82,313536130,379630,178,534,10447,324,1644
60,486074703,185292,53,253,4501,182,1856
72,443511499,863011,205,443,70373,6020,3230
70,356026364,130807,33,62,4104,39,111
143,528557248,653440,897,351,40584,674,250
135,741084300,275129,426,1092,5756,161,2679
15,571020302,424951,31,165,24211,54,377
22,401016656,1664921,306,1044,147822,7656,23569
12,613730554,229565,41,170,4178,23,53
9,695917600,723045,133,431,61450,1133,396
10,698513073,193590,42,230,2127,21,90
10,356170012,623078,163,634,16722,175,196
140,271079882,440144,192,308,11003,126,60
186,401058940,1759475,612,516,63743,611,418
483,613544445,240012,291,132,7750,85,158
253,355754555,734709,302,862,2916,93,81
121,741023222,365125,165,222,12950,199,161
120,486034254,181293,101,439,6949,211,113
117,528543858,408721,313,766,5962,182,1517
48,344607618,1529985,210,421,45474,746,6144
88,401043566,1267471,419,688,84409,22322,4695
45,741068887,81913,40,104,7634,91,412
28,931462734,539882,267,593,17770,299,3764
74,868623571,68722,79,93,2017,14,36
27,783613502,276098,94,335,38959,226,4063
72,953452778,970778,281,515,85799,15805,1173
27,398605012,19101,15,96,656,46,394
11,313605823,300901,88,163,9950,138,1176
58,270519734,454551,26,191,34171,91,78
1328,613521927,702231,2259,947,28559,11482,1823
182,868566172,207411,292,391,4118,167,1318
18,825881105,246185,22,222,3596,117,33
53,698572965,264938,165,251,12026,41,28
638,528540466,3159389,15628,8269,186841,56334,23503
14,741120342,192703,28,287,7229,174,1623
50,741233729,234273,255,1397,17955,124,1301
139,271179787,722393,407,328,9625,117,138
79,698561250,770933,592,951,82966,8373,1265
52,907844940,138332,166,216,4809,25,262
10,740944860,72582,13,45,5199,32,58
29,655756864,466328,94,263,6404,36,151
166,77962879,13180481,34240,5078,651807,93775,156136
115,228611049,5293686,1821,1596,628567,11582,6923
10,994437867,1198408,315,820,113334,1898,14875
153,868571664,57930,8,19,795,2,1
102,698621830,251198,173,600,8501,120,200
116,826055027,209718,129,165,4520,56,506
193,996077571,862988,550,646,45237,2584,3809
160,929884490,321898,331,158,16547,1273,1518
88,436464425,10196822,2706,4019,801116,57827,50516
186,981892440,15105,17,3,359,46,138
82,355936182,902879,257,677,118858,11945,3525
136,401094671,1157658,420,724,31633,2612,11249
126,951278200,1505359,462,726,65957,6392,5592
234,936838383,2303528,2257,1643,129232,29303,10292
7058,570889935,6910102,37089,8808,102604,69835,590
170,551931825,3557496,1546,954,142237,6644,14241
169,740927619,1918468,834,1659,99878,5789,6155
159,227983663,1327150,451,2463,90593,18964,3168
18,698736746,1893403,748,1196,116886,39924,603
222,950665794,1467972,815,1698,70901,15695,7264
225,244551298,901138,1263,756,59759,26941,10443
293,268429019,2519261,1953,6303,164076,72142,19955
136,443569825,266451,201,261,40328,416,1353
409,996051059,1564554,4146,4598,72292,36106,3447
78,741094341,87234,52,81,7678,1142,552
177,719999081,6557355,4067,1420,397584,47898,31567
210,594802654,4515131,3367,7709,231407,39620,10927
158,559318818,9769,10,2,302,36,78
106,26264474,30094980,19098,7407,370901,35356,224363
209,285482934,8591368,8609,1823,291316,80309,89655
182,372086522,6563881,4399,1025,261023,41846,30186
206,911176271,3830116,2316,2901,372246,64769,65905
205,228599656,1873308,3332,2691,198087,19638,8836
73,826019543,1893520,437,1010,128519,4307,4175
177,525507745,1811887,915,1724,133381,27330,12507
39,782382841,597635,66,118,30414,134,1377
10,826116446,598785,35,379,68094,756,1353
67,953527145,1354923,334,1624,135397,2731,1633
209,222193831,1684860,1261,513,77044,4775,4015
164,377870327,1802602,1630,501,73563,4835,9471
187,457178655,2360839,2023,783,129491,17253,24626
35,655778682,131519,41,134,10069,923,491
209,613637311,682642,385,899,44941,6173,2843
111,698423773,3025588,1897,3800,229521,92189,88103
177,596262196,5637694,1691,1312,283376,10300,12750
187,293708587,1826846,1558,1133,130058,29369,8585
66,270999365,37409,13,77,1758,92,19
